pktsize,LRU,Seer,Belady
1500B,1.255813953,1,0.7441860465
1024B,1.121276596,1,0.8918406072
512B,1.337209302,1,0.6760797342
256B,2.3125,1,0.78125
128B,1.752293578,1,0.8256880734
64B,1.543568465,1,0.8008298755