pktsize,LRU,Seer
1500B,1.126859864,1
64B,1.181264538,1