pktsize,LRU,Seer
1500B,1.10212766,1
64B,1.687484927,1