pktsize,LRU,Seer,Belady
1500B,1.018808702,1,0.6554664294
1024B,1.068528323,1,0.6365988615
512B,1.081401432,1,0.6402104539
256B,1.149435632,1,0.4991740963
128B,1.140212543,1,0.5489455426
64B,1.149085587,1,0.5470253222