LRU,LFU,ARC,S3FIFO,SIEVE,Seer,Belady
1.410953177,8.618311037,1.268812709,1.410953177,1.446488294,1,0.7508361204