Pktsize,LRU,Seer,Belady
1500B,1.271274095,1,0.9398213446
1024B,1.307076101,1,0.7172897196
512B,1.491198659,1,0.6890192791
256B,1.555174945,1,0.6919500856
128B,1.844947735,1,0.6533101045
64B,3.047916667,1,0.6291666667