LRU,LFU,ARC,S3FIFO,SIEVE,Seer,Belady
1.570831398,6.014398514,1.017185323,1.570831398,1.538783093,1,0.9001393405