Pktsize,LRU,Seer,Belady
1500B,1.570831398,1,0.9001393405
1024B,1.182713964,1,0.9293355856
512B,1.403273516,1,0.7394991126
256B,1.34670947,1,0.7945425361
128B,1.253991292,1,0.7949927431
64B,1.410953177,1,0.7508361204