Pktsize,LRU,Seer,Belady
1500B,1.007463953,1,0.9847328244
1024B,1.003171008,1,0.9963759909
512B,1.027768196,1,0.9955156951
256B,1.013166557,1,0.9861751152
128B,1.016911765,1,0.9867647059
64B,1.041942605,1,0.9922737307