Pktsize,LRU,Seer,Belady
1500B,1.000453618,1,0.9947833976
1024B,1.017277963,1,0.9918157017
512B,1.013246172,1,0.997591605
256B,1.003897116,1,0.9973276918
128B,1.002737769,1,0.9960718962
64B,1.007952537,1,0.994445847