Pktsize,LRU,Seer
1500B,1.131552452,1
64B,1.41757206,1