LRU,LFU,ARC,S3FIFO,SIEVE,Seer,Belady
2.127642601,2.744714799,2.112485042,2.127642601,2.048663742,1,0.9601116873