Pktsize,LRU,Seer
1500B,1.252479432,1
64B,1.602522048,1