Pktsize,LRU,Seer,Belady
1500B,1.033821138,1,0.9499186992
1024B,1.068534267,1,0.9589794897
512B,1.130321686,1,0.98751409
256B,1.17313701,1,0.9749257928
128B,1.568080926,1,0.9606403803
64B,1.760540847,1,0.9973886567