LRU,LFU,ARC,S3FIFO,SIEVE,Seer,Belady
1.097794823,2.794439118,1.028954938,1.097794823,1.076701822,1,0.8893576222