Pktsize,LRU,Seer,Belady
1500B,1.095156507,1,0.9354859967
1024B,1.198966003,1,0.8900203666
512B,1.185867537,1,0.8987873134
256B,1.157283019,1,0.9105660377
128B,1.179991766,1,0.9131329765
64B,1.186173796,1,0.9127652408